{
  "controller": "noc_watermark_A56_D44",
  "controller_kind": "noc",
  "delayed_throttle_ratio": 0.06575,
  "idle_ratio": 0.06575,
  "max_burst_period": 176.0,
  "max_commanded_bandwidth": 2.909090909090909,
  "max_noc_outstanding": 67.63636363637545,
  "max_noc_queue": 11.54545454545454,
  "max_queue": 55.454545454545354,
  "max_sender_noc_inflight": 13.636363636363681,
  "max_sender_noc_os_gap": 31.636363636364024,
  "max_sender_outstanding": 77.45454545455803,
  "mean_commanded_bandwidth": 2.7178181818181817,
  "mean_noc_queue": 8.082313636363631,
  "mean_queue": 6.832989393939364,
  "mean_sender_noc_inflight": 12.72284090909095,
  "mean_sender_noc_os_gap": 25.3159242424246,
  "min_positive_commanded_bandwidth": 2.909090909090909,
  "noc_overshoot": 11.63636363637545,
  "noc_overshoot_pct": 0.20779220779241875,
  "noc_queue_capacity_reqs": 128.0,
  "noc_queue_over_capacity_cycles": 0.0,
  "noc_settling_time": 323.0,
  "offered_load": 2.7178181818162646,
  "offered_reqs_per_cycle": 0.08493181818175827,
  "queue_capacity": null,
  "queue_over_capacity_cycles": 0.0,
  "raw_throttle_ratio": 0.06575,
  "send_rate_settle_to_receiver_time": 594.0,
  "sender_backpressure_cycles": 0.0,
  "sender_backpressure_ratio": 0.0,
  "sender_inflight_over_capacity_cycles": 0.0,
  "sender_noc_inflight_capacity_reqs": 256.0,
  "sender_overshoot": 0.0,
  "sender_overshoot_pct": 0.0,
  "sender_settling_time": 0.0,
  "strategy": "NOC Watermark",
  "tail_noc_variance": 0.24959401652866253,
  "tail_queue_delta": 0.5454545454545183,
  "tail_queue_variance": 2.4614305785123984,
  "tail_sender_variance": 0.426588561983649,
  "throughput": 2.6976,
  "throughput_reqs_per_cycle": 0.0843,
  "total_cycles": 60000.0,
  "total_sent": 163069.09090897586,
  "total_sent_bytes": 163069.09090897586,
  "total_sent_reqs": 5095.909090905496,
  "total_serviced": 161856.0,
  "total_serviced_bytes": 161856.0,
  "total_serviced_reqs": 5058.0
}
