{
  "controller": "sender_outstanding_A96",
  "controller_kind": "sender",
  "delayed_throttle_ratio": 0.060283333333333335,
  "idle_ratio": 0.060283333333333335,
  "max_burst_period": 176.0,
  "max_commanded_bandwidth": 2.909090909090909,
  "max_noc_outstanding": 87.0,
  "max_noc_queue": 11.54545454545454,
  "max_queue": 74.9999999999911,
  "max_sender_noc_inflight": 13.636363636363681,
  "max_sender_noc_os_gap": 30.636363636364017,
  "max_sender_outstanding": 96.0,
  "mean_commanded_bandwidth": 2.733721212121212,
  "mean_noc_queue": 8.104936363636341,
  "mean_queue": 11.760807575754304,
  "mean_sender_noc_inflight": 12.79738636363637,
  "mean_sender_noc_os_gap": 25.465469696970025,
  "min_positive_commanded_bandwidth": 2.909090909090909,
  "noc_overshoot": 31.0,
  "noc_overshoot_pct": 0.5535714285714286,
  "noc_queue_capacity_reqs": 128.0,
  "noc_queue_over_capacity_cycles": 0.0,
  "noc_settling_time": 9881.0,
  "offered_load": 2.7337212121192755,
  "offered_reqs_per_cycle": 0.08542878787872736,
  "queue_capacity": null,
  "queue_over_capacity_cycles": 0.0,
  "raw_throttle_ratio": 0.060283333333333335,
  "send_rate_settle_to_receiver_time": 6000.0,
  "sender_backpressure_cycles": 0.0,
  "sender_backpressure_ratio": 0.0,
  "sender_inflight_over_capacity_cycles": 0.0,
  "sender_noc_inflight_capacity_reqs": 256.0,
  "sender_overshoot": 0.0,
  "sender_overshoot_pct": 0.0,
  "sender_settling_time": 9199.0,
  "strategy": "Sender Outstanding",
  "tail_noc_variance": 0.2616783801650342,
  "tail_queue_delta": 2.5454545454545556,
  "tail_queue_variance": 2.6005574876033046,
  "tail_sender_variance": 0.3641129256198783,
  "throughput": 2.7125333333333335,
  "throughput_reqs_per_cycle": 0.08476666666666667,
  "total_cycles": 60000.0,
  "total_sent": 164023.27272715652,
  "total_sent_bytes": 164023.27272715652,
  "total_sent_reqs": 5125.727272723641,
  "total_serviced": 162752.0,
  "total_serviced_bytes": 162752.0,
  "total_serviced_reqs": 5086.0
}
