{
  "controller": "smith_pi_sender_or_delayed_noc_error_A0_P28_D0_pred44",
  "controller_kind": "smith_pi",
  "delayed_throttle_ratio": 0.09746666666666666,
  "idle_ratio": 0.0,
  "max_burst_period": 592.0,
  "max_commanded_bandwidth": 2.909090909090909,
  "max_noc_outstanding": 72.40706621304908,
  "max_noc_queue": 11.54545454545454,
  "max_queue": 60.22518310159021,
  "max_sender_noc_inflight": 13.636363636363681,
  "max_sender_noc_os_gap": 31.636363636364173,
  "max_sender_outstanding": 81.7904470287389,
  "mean_commanded_bandwidth": 2.7253897003249277,
  "mean_noc_queue": 8.104096901771896,
  "mean_queue": 7.039868134194499,
  "mean_sender_noc_inflight": 12.75833240209131,
  "mean_sender_noc_os_gap": 25.390282402091774,
  "min_positive_commanded_bandwidth": 0.8648648648648649,
  "noc_overshoot": 16.407066213049077,
  "noc_overshoot_pct": 0.29298332523301923,
  "noc_queue_capacity_reqs": 128.0,
  "noc_queue_over_capacity_cycles": 0.0,
  "noc_settling_time": 4868.0,
  "offered_load": 2.7253897003230314,
  "offered_reqs_per_cycle": 0.08516842813509473,
  "queue_capacity": null,
  "queue_over_capacity_cycles": 0.0,
  "raw_throttle_ratio": 0.09746666666666666,
  "send_rate_settle_to_receiver_time": 785.0,
  "sender_backpressure_cycles": 0.0,
  "sender_backpressure_ratio": 0.0,
  "sender_inflight_over_capacity_cycles": 0.0,
  "sender_noc_inflight_capacity_reqs": 256.0,
  "sender_overshoot": 0.0,
  "sender_overshoot_pct": 0.0,
  "sender_settling_time": 4399.0,
  "strategy": "Smith PI",
  "tail_noc_variance": 2.3576721983472404,
  "tail_queue_delta": -0.4545454545454817,
  "tail_queue_variance": 0.8097418512396679,
  "tail_sender_variance": 2.525623107437954,
  "throughput": 2.7072,
  "throughput_reqs_per_cycle": 0.0846,
  "total_cycles": 60000.0,
  "total_sent": 163523.38201938188,
  "total_sent_bytes": 163523.38201938188,
  "total_sent_reqs": 5110.105688105684,
  "total_serviced": 162432.0,
  "total_serviced_bytes": 162432.0,
  "total_serviced_reqs": 5076.0
}
