{
  "controller": "smith_pi_delayed_noc_outstanding_A56_P28_I0.02_D0_pred44",
  "controller_kind": "smith_pi",
  "delayed_throttle_ratio": 0.10301666666666667,
  "idle_ratio": 0.0,
  "max_burst_period": 612.0,
  "max_commanded_bandwidth": 2.909090909090909,
  "max_noc_outstanding": 72.46374616673555,
  "max_noc_queue": 11.54545454545454,
  "max_queue": 60.27514574265615,
  "max_sender_noc_inflight": 13.636363636363699,
  "max_sender_noc_os_gap": 31.63636363636366,
  "max_sender_outstanding": 81.84502658043867,
  "mean_commanded_bandwidth": 2.7239002714506446,
  "mean_noc_queue": 8.099622933534956,
  "mean_queue": 6.800509084376386,
  "mean_sender_noc_inflight": 12.751350704243126,
  "mean_sender_noc_os_gap": 25.376867370909807,
  "min_positive_commanded_bandwidth": 0.8366013071895425,
  "noc_overshoot": 16.463746166735547,
  "noc_overshoot_pct": 0.29399546726313475,
  "noc_queue_capacity_reqs": 128.0,
  "noc_queue_over_capacity_cycles": 0.0,
  "noc_settling_time": 3929.0,
  "offered_load": 2.723900271448749,
  "offered_reqs_per_cycle": 0.0851218834827734,
  "queue_capacity": null,
  "queue_over_capacity_cycles": 0.0,
  "raw_throttle_ratio": 0.10301666666666667,
  "send_rate_settle_to_receiver_time": 782.0,
  "sender_backpressure_cycles": 0.0,
  "sender_backpressure_ratio": 0.0,
  "sender_inflight_over_capacity_cycles": 0.0,
  "sender_noc_inflight_capacity_reqs": 256.0,
  "sender_overshoot": 0.0,
  "sender_overshoot_pct": 0.0,
  "sender_settling_time": 3343.0,
  "strategy": "Smith PI",
  "tail_noc_variance": 2.3240721983472254,
  "tail_queue_delta": -0.4545454545454817,
  "tail_queue_variance": 0.8159818512396683,
  "tail_sender_variance": 2.5249743801652262,
  "throughput": 2.7056,
  "throughput_reqs_per_cycle": 0.08455,
  "total_cycles": 60000.0,
  "total_sent": 163434.01628692492,
  "total_sent_bytes": 163434.01628692492,
  "total_sent_reqs": 5107.313008966404,
  "total_serviced": 162336.0,
  "total_serviced_bytes": 162336.0,
  "total_serviced_reqs": 5073.0
}
