{
  "controller": "open_loop",
  "controller_kind": "open",
  "delayed_throttle_ratio": 0.0,
  "idle_ratio": 0.0,
  "max_burst_period": 176.0,
  "max_commanded_bandwidth": 2.909090909090909,
  "max_noc_outstanding": 397.45454545450036,
  "max_noc_queue": 11.54545454545454,
  "max_queue": 363.3636363636359,
  "max_sender_noc_inflight": 13.636363636363681,
  "max_sender_noc_os_gap": 30.636363636364017,
  "max_sender_outstanding": 424.72727272721545,
  "mean_commanded_bandwidth": 2.909090909090909,
  "mean_noc_queue": 8.65259242424242,
  "mean_queue": 263.6020045454524,
  "mean_sender_noc_inflight": 13.619431818181862,
  "mean_sender_noc_os_gap": 26.572948484840776,
  "min_positive_commanded_bandwidth": 2.909090909090909,
  "noc_overshoot": 341.45454545450036,
  "noc_overshoot_pct": 6.097402597401792,
  "noc_queue_capacity_reqs": 128.0,
  "noc_queue_over_capacity_cycles": 0.0,
  "noc_settling_time": 46617.0,
  "offered_load": 2.9090909090888175,
  "offered_reqs_per_cycle": 0.09090909090902555,
  "queue_capacity": null,
  "queue_over_capacity_cycles": 0.0,
  "raw_throttle_ratio": 0.0,
  "send_rate_settle_to_receiver_time": 6000.0,
  "sender_backpressure_cycles": 0.0,
  "sender_backpressure_ratio": 0.0,
  "sender_inflight_over_capacity_cycles": 0.0,
  "sender_noc_inflight_capacity_reqs": 256.0,
  "sender_overshoot": 328.72727272721545,
  "sender_overshoot_pct": 3.4242424242418275,
  "sender_settling_time": 46127.0,
  "strategy": "\u65e0\u6d41\u63a7",
  "tail_noc_variance": 0.2483471074377131,
  "tail_queue_delta": 0.5454545454545041,
  "tail_queue_variance": 2.9862945785124007,
  "tail_sender_variance": 0.2474121983501324,
  "throughput": 2.7744,
  "throughput_reqs_per_cycle": 0.0867,
  "total_cycles": 60000.0,
  "total_sent": 174545.45454532906,
  "total_sent_bytes": 174545.45454532906,
  "total_sent_reqs": 5454.545454541533,
  "total_serviced": 166464.0,
  "total_serviced_bytes": 166464.0,
  "total_serviced_reqs": 5202.0
}
