{
  "controller": "noc_watermark_A56_D44",
  "controller_kind": "noc",
  "delayed_throttle_ratio": 0.06361666666666667,
  "idle_ratio": 0.06361666666666667,
  "max_burst_period": 176.0,
  "max_commanded_bandwidth": 2.909090909090909,
  "max_noc_outstanding": 67.72727272727307,
  "max_noc_queue": 0,
  "max_queue": 58.727272727275235,
  "max_sender_noc_inflight": 13.636363636363681,
  "max_sender_noc_os_gap": 28.6363636363789,
  "max_sender_outstanding": 77.54545454546454,
  "mean_commanded_bandwidth": 2.7240242424242425,
  "mean_noc_queue": 0,
  "mean_queue": 5.599713636364266,
  "mean_sender_noc_inflight": 12.751931818181859,
  "mean_sender_noc_os_gap": 25.400465151594386,
  "min_positive_commanded_bandwidth": 2.909090909090909,
  "noc_overshoot": 11.727272727273075,
  "noc_overshoot_pct": 0.20941558441559063,
  "noc_queue_capacity_reqs": 128.0,
  "noc_queue_over_capacity_cycles": 0.0,
  "noc_settling_time": 3190.0,
  "offered_load": 2.7240242424223196,
  "offered_reqs_per_cycle": 0.08512575757569749,
  "queue_capacity": null,
  "queue_over_capacity_cycles": 0.0,
  "raw_throttle_ratio": 0.06361666666666667,
  "send_rate_settle_to_receiver_time": 786.0,
  "sender_backpressure_cycles": 0.0,
  "sender_backpressure_ratio": 0.0,
  "sender_inflight_over_capacity_cycles": 0.0,
  "sender_noc_inflight_capacity_reqs": 256.0,
  "sender_overshoot": 0.0,
  "sender_overshoot_pct": 0.0,
  "sender_settling_time": 2636.0,
  "strategy": "NOC Watermark",
  "tail_noc_variance": 0.0819834710743805,
  "tail_queue_delta": -0.6363636363636366,
  "tail_queue_variance": 0.08312128925619838,
  "tail_sender_variance": 0.08312128925619856,
  "throughput": 2.7093333333333334,
  "throughput_reqs_per_cycle": 0.08466666666666667,
  "total_cycles": 60000.0,
  "total_sent": 163441.45454533916,
  "total_sent_bytes": 163441.45454533916,
  "total_sent_reqs": 5107.545454541849,
  "total_serviced": 162560.0,
  "total_serviced_bytes": 162560.0,
  "total_serviced_reqs": 5080.0
}
