{
  "controller": "sender_outstanding_A96",
  "controller_kind": "sender",
  "delayed_throttle_ratio": 0.05821666666666667,
  "idle_ratio": 0.05821666666666667,
  "max_burst_period": 176.0,
  "max_commanded_bandwidth": 2.909090909090909,
  "max_noc_outstanding": 86.99999999999035,
  "max_noc_queue": 0,
  "max_queue": 77.63636363635617,
  "max_sender_noc_inflight": 13.636363636363681,
  "max_sender_noc_os_gap": 28.6363636363789,
  "max_sender_outstanding": 96.0,
  "mean_commanded_bandwidth": 2.7397333333333336,
  "mean_noc_queue": 0,
  "mean_queue": 12.270037878786265,
  "mean_sender_noc_inflight": 12.825568181818186,
  "mean_sender_noc_os_gap": 25.547718181870817,
  "min_positive_commanded_bandwidth": 2.909090909090909,
  "noc_overshoot": 30.99999999999035,
  "noc_overshoot_pct": 0.5535714285712563,
  "noc_queue_capacity_reqs": 128.0,
  "noc_queue_over_capacity_cycles": 0.0,
  "noc_settling_time": 13558.0,
  "offered_load": 2.7397333333313902,
  "offered_reqs_per_cycle": 0.08561666666660595,
  "queue_capacity": null,
  "queue_over_capacity_cycles": 0.0,
  "raw_throttle_ratio": 0.05821666666666667,
  "send_rate_settle_to_receiver_time": 6000.0,
  "sender_backpressure_cycles": 0.0,
  "sender_backpressure_ratio": 0.0,
  "sender_inflight_over_capacity_cycles": 0.0,
  "sender_noc_inflight_capacity_reqs": 256.0,
  "sender_overshoot": 0.0,
  "sender_overshoot_pct": 0.0,
  "sender_settling_time": 13004.0,
  "strategy": "Sender Outstanding",
  "tail_noc_variance": 0.08332201652892572,
  "tail_queue_delta": 0.36363636363636376,
  "tail_queue_variance": 0.08206528925619838,
  "tail_sender_variance": 0.0823107438016529,
  "throughput": 2.7248,
  "throughput_reqs_per_cycle": 0.08515,
  "total_cycles": 60000.0,
  "total_sent": 164383.9999998834,
  "total_sent_bytes": 164383.9999998834,
  "total_sent_reqs": 5136.999999996357,
  "total_serviced": 163488.0,
  "total_serviced_bytes": 163488.0,
  "total_serviced_reqs": 5109.0
}
