{
  "controller": "smith_pi_sender_or_delayed_noc_error_A0_P28_D0_pred44",
  "controller_kind": "smith_pi",
  "delayed_throttle_ratio": 0.09438333333333333,
  "idle_ratio": 0.0,
  "max_burst_period": 591.0,
  "max_commanded_bandwidth": 2.909090909090909,
  "max_noc_outstanding": 72.4441353763133,
  "max_noc_queue": 0,
  "max_queue": 63.079788236399864,
  "max_sender_noc_inflight": 13.636363636363697,
  "max_sender_noc_os_gap": 28.636363636379112,
  "max_sender_outstanding": 81.82154289235586,
  "mean_commanded_bandwidth": 2.731405704519895,
  "mean_noc_queue": 0,
  "mean_queue": 7.979838481275807,
  "mean_sender_noc_inflight": 12.786532421755236,
  "mean_sender_noc_os_gap": 25.469615755154692,
  "min_positive_commanded_bandwidth": 0.8663282571912013,
  "noc_overshoot": 16.444135376313298,
  "noc_overshoot_pct": 0.29364527457702316,
  "noc_queue_capacity_reqs": 128.0,
  "noc_queue_over_capacity_cycles": 0.0,
  "noc_settling_time": 8054.0,
  "offered_load": 2.731405704517992,
  "offered_reqs_per_cycle": 0.08535642826618725,
  "queue_capacity": null,
  "queue_over_capacity_cycles": 0.0,
  "raw_throttle_ratio": 0.09438333333333333,
  "send_rate_settle_to_receiver_time": 973.0,
  "sender_backpressure_cycles": 0.0,
  "sender_backpressure_ratio": 0.0,
  "sender_inflight_over_capacity_cycles": 0.0,
  "sender_noc_inflight_capacity_reqs": 256.0,
  "sender_overshoot": 0.0,
  "sender_overshoot_pct": 0.0,
  "sender_settling_time": 7500.0,
  "strategy": "Smith PI",
  "tail_noc_variance": 0.08231074380165289,
  "tail_queue_delta": -0.6363636363636263,
  "tail_queue_variance": 0.08332201652892562,
  "tail_sender_variance": 0.0823107438016529,
  "throughput": 2.7168,
  "throughput_reqs_per_cycle": 0.0849,
  "total_cycles": 60000.0,
  "total_sent": 163884.3422710795,
  "total_sent_bytes": 163884.3422710795,
  "total_sent_reqs": 5121.385695971235,
  "total_serviced": 163008.0,
  "total_serviced_bytes": 163008.0,
  "total_serviced_reqs": 5094.0
}
