{
  "controller": "smith_pi_delayed_noc_outstanding_A56_P28_I0.02_D0_pred44",
  "controller_kind": "smith_pi",
  "delayed_throttle_ratio": 0.0999,
  "idle_ratio": 0.0,
  "max_burst_period": 612.0,
  "max_commanded_bandwidth": 2.909090909090909,
  "max_noc_outstanding": 72.45040768359856,
  "max_noc_queue": 0,
  "max_queue": 63.089914991819555,
  "max_sender_noc_inflight": 13.636363636363715,
  "max_sender_noc_os_gap": 28.636363636378594,
  "max_sender_outstanding": 81.8333437335013,
  "mean_commanded_bandwidth": 2.7299183141363788,
  "mean_noc_queue": 0,
  "mean_queue": 7.593854479731056,
  "mean_sender_noc_inflight": 12.779560279332518,
  "mean_sender_noc_os_gap": 25.455593612734106,
  "min_positive_commanded_bandwidth": 0.8366013071895425,
  "noc_overshoot": 16.450407683598556,
  "noc_overshoot_pct": 0.29375728006425994,
  "noc_queue_capacity_reqs": 128.0,
  "noc_queue_over_capacity_cycles": 0.0,
  "noc_settling_time": 7062.0,
  "offered_load": 2.7299183141344727,
  "offered_reqs_per_cycle": 0.08530994731670227,
  "queue_capacity": null,
  "queue_over_capacity_cycles": 0.0,
  "raw_throttle_ratio": 0.0999,
  "send_rate_settle_to_receiver_time": 971.0,
  "sender_backpressure_cycles": 0.0,
  "sender_backpressure_ratio": 0.0,
  "sender_inflight_over_capacity_cycles": 0.0,
  "sender_noc_inflight_capacity_reqs": 256.0,
  "sender_overshoot": 0.0,
  "sender_overshoot_pct": 0.0,
  "sender_settling_time": 6508.0,
  "strategy": "Smith PI",
  "tail_noc_variance": 0.0819834710743805,
  "tail_queue_delta": -0.6363636363636264,
  "tail_queue_variance": 0.08312128925619836,
  "tail_sender_variance": 0.08312128925619856,
  "throughput": 2.7152,
  "throughput_reqs_per_cycle": 0.08485,
  "total_cycles": 60000.0,
  "total_sent": 163795.09884806836,
  "total_sent_bytes": 163795.09884806836,
  "total_sent_reqs": 5118.596839002136,
  "total_serviced": 162912.0,
  "total_serviced_bytes": 162912.0,
  "total_serviced_reqs": 5091.0
}
