{
  "controller": "open_loop",
  "controller_kind": "open",
  "delayed_throttle_ratio": 0.0,
  "idle_ratio": 0.0,
  "max_burst_period": 176.0,
  "max_commanded_bandwidth": 2.909090909090909,
  "max_noc_outstanding": 386.18181818176896,
  "max_noc_queue": 0,
  "max_queue": 358.9090909090561,
  "max_sender_noc_inflight": 13.636363636363681,
  "max_sender_noc_os_gap": 28.636363636364877,
  "max_sender_outstanding": 413.4545454544936,
  "mean_commanded_bandwidth": 2.909090909090909,
  "mean_noc_queue": 0,
  "mean_queue": 261.0513090903723,
  "mean_sender_noc_inflight": 13.619431818181862,
  "mean_sender_noc_os_gap": 26.60114848484403,
  "min_positive_commanded_bandwidth": 2.909090909090909,
  "noc_overshoot": 330.18181818176896,
  "noc_overshoot_pct": 5.896103896103017,
  "noc_queue_capacity_reqs": 128.0,
  "noc_queue_over_capacity_cycles": 0.0,
  "noc_settling_time": 46806.0,
  "offered_load": 2.9090909090888175,
  "offered_reqs_per_cycle": 0.09090909090902555,
  "queue_capacity": null,
  "queue_over_capacity_cycles": 0.0,
  "raw_throttle_ratio": 0.0,
  "send_rate_settle_to_receiver_time": 6000.0,
  "sender_backpressure_cycles": 0.0,
  "sender_backpressure_ratio": 0.0,
  "sender_inflight_over_capacity_cycles": 0.0,
  "sender_noc_inflight_capacity_reqs": 256.0,
  "sender_overshoot": 317.4545454544936,
  "sender_overshoot_pct": 3.3068181818176416,
  "sender_settling_time": 46316.0,
  "strategy": "\u65e0\u6d41\u63a7",
  "tail_noc_variance": 0.25212892561952827,
  "tail_queue_delta": -1.636363636362347,
  "tail_queue_variance": 0.25292019834680035,
  "tail_sender_variance": 0.2520958347138084,
  "throughput": 2.7808,
  "throughput_reqs_per_cycle": 0.0869,
  "total_cycles": 60000.0,
  "total_sent": 174545.45454532906,
  "total_sent_bytes": 174545.45454532906,
  "total_sent_reqs": 5454.545454541533,
  "total_serviced": 166848.0,
  "total_serviced_bytes": 166848.0,
  "total_serviced_reqs": 5214.0
}
