{
  "controller": "smith_pi_sender_or_delayed_noc_error_A0_P40_D0_pred44",
  "controller_kind": "smith_pi",
  "delayed_throttle_ratio": 0.70725,
  "idle_ratio": 0.0,
  "max_burst_period": 718.0,
  "max_commanded_bandwidth": 2.909090909090909,
  "max_noc_outstanding": 70.78046760293539,
  "max_noc_queue": 11.545454545454572,
  "max_queue": 60.50907324265467,
  "max_sender_noc_inflight": 13.636363636363681,
  "max_sender_noc_os_gap": 31.636363636364017,
  "max_sender_outstanding": 80.16073288381071,
  "mean_commanded_bandwidth": 1.5556316988861352,
  "mean_noc_queue": 3.0536504361749706,
  "mean_queue": 40.63980606308078,
  "mean_sender_noc_inflight": 7.26290589918709,
  "mean_sender_noc_os_gap": 13.63723923252068,
  "min_positive_commanded_bandwidth": 0.713091922005571,
  "noc_overshoot": 14.780467602935389,
  "noc_overshoot_pct": 0.2639369214809891,
  "noc_queue_capacity_reqs": 128.0,
  "noc_queue_over_capacity_cycles": 0.0,
  "noc_settling_time": 594.0,
  "offered_load": 1.5556316988861054,
  "offered_reqs_per_cycle": 0.048613490590190794,
  "queue_capacity": null,
  "queue_over_capacity_cycles": 0.0,
  "raw_throttle_ratio": 0.70725,
  "send_rate_settle_to_receiver_time": 753.0,
  "sender_backpressure_cycles": 0.0,
  "sender_backpressure_ratio": 0.0,
  "sender_inflight_over_capacity_cycles": 0.0,
  "sender_noc_inflight_capacity_reqs": 256.0,
  "sender_overshoot": 0.0,
  "sender_overshoot_pct": 0.0,
  "sender_settling_time": 409.0,
  "strategy": "\u65b9\u6848\u4e09\uff08Smith PI\uff09",
  "tail_noc_variance": 0.08290152290794728,
  "tail_queue_delta": 0.00024300976281921294,
  "tail_queue_variance": 1.4121540731513627,
  "tail_sender_variance": 0.08218282738958749,
  "throughput": 1.3786666666666667,
  "throughput_reqs_per_cycle": 0.043083333333333335,
  "total_cycles": 12000.0,
  "total_sent": 18667.580386633264,
  "total_sent_bytes": 18667.580386633264,
  "total_sent_reqs": 583.3618870822895,
  "total_serviced": 16544.0,
  "total_serviced_bytes": 16544.0,
  "total_serviced_reqs": 517.0
}
