{
  "controller": "noc_watermark_A56_D44",
  "controller_kind": "noc",
  "delayed_throttle_ratio": 0.47258333333333336,
  "idle_ratio": 0.47258333333333336,
  "max_burst_period": 176.0,
  "max_commanded_bandwidth": 2.909090909090909,
  "max_noc_outstanding": 67.6363636363786,
  "max_noc_queue": 11.545454545454572,
  "max_queue": 57.63636363636426,
  "max_sender_noc_inflight": 13.636363636363681,
  "max_sender_noc_os_gap": 31.636363636364017,
  "max_sender_outstanding": 77.45454545456042,
  "mean_commanded_bandwidth": 1.5343030303030303,
  "mean_noc_queue": 2.9931212121212125,
  "mean_queue": 35.426818181818575,
  "mean_sender_noc_inflight": 7.107727272727292,
  "mean_sender_noc_os_gap": 13.482060606060793,
  "min_positive_commanded_bandwidth": 2.909090909090909,
  "noc_overshoot": 11.636363636378604,
  "noc_overshoot_pct": 0.20779220779247506,
  "noc_queue_capacity_reqs": 128.0,
  "noc_queue_over_capacity_cycles": 0.0,
  "noc_settling_time": 1039.0,
  "offered_load": 1.5343030303029106,
  "offered_reqs_per_cycle": 0.047946969696965956,
  "queue_capacity": null,
  "queue_over_capacity_cycles": 0.0,
  "raw_throttle_ratio": 0.47258333333333336,
  "send_rate_settle_to_receiver_time": 628.0,
  "sender_backpressure_cycles": 0.0,
  "sender_backpressure_ratio": 0.0,
  "sender_inflight_over_capacity_cycles": 0.0,
  "sender_noc_inflight_capacity_reqs": 256.0,
  "sender_overshoot": 0.0,
  "sender_overshoot_pct": 0.0,
  "sender_settling_time": 0.0,
  "strategy": "\u65b9\u6848\u4e00\uff08NOC Watermark\uff09",
  "tail_noc_variance": 20.4091,
  "tail_queue_delta": 0.3636363636363882,
  "tail_queue_variance": 11.402802776859533,
  "tail_sender_variance": 9.746300694214915,
  "throughput": 1.3786666666666667,
  "throughput_reqs_per_cycle": 0.043083333333333335,
  "total_cycles": 12000.0,
  "total_sent": 18411.636363634927,
  "total_sent_bytes": 18411.636363634927,
  "total_sent_reqs": 575.3636363635915,
  "total_serviced": 16544.0,
  "total_serviced_bytes": 16544.0,
  "total_serviced_reqs": 517.0
}
