{
  "controller": "sender_outstanding_A96",
  "controller_kind": "sender",
  "delayed_throttle_ratio": 0.44708333333333333,
  "idle_ratio": 0.44708333333333333,
  "max_burst_period": 176.0,
  "max_commanded_bandwidth": 2.909090909090909,
  "max_noc_outstanding": 87.0,
  "max_noc_queue": 11.545454545454572,
  "max_queue": 76.99999999999146,
  "max_sender_noc_inflight": 13.636363636363681,
  "max_sender_noc_os_gap": 31.636363636364017,
  "max_sender_outstanding": 96.0,
  "mean_commanded_bandwidth": 1.6084848484848486,
  "mean_noc_queue": 2.9834621212120065,
  "mean_queue": 53.97395454544717,
  "mean_sender_noc_inflight": 7.5131893939392125,
  "mean_sender_noc_os_gap": 13.887522727272726,
  "min_positive_commanded_bandwidth": 2.909090909090909,
  "noc_overshoot": 31.0,
  "noc_overshoot_pct": 0.5535714285714286,
  "noc_queue_capacity_reqs": 128.0,
  "noc_queue_over_capacity_cycles": 0.0,
  "noc_settling_time": 913.0,
  "offered_load": 1.6084848484847032,
  "offered_reqs_per_cycle": 0.050265151515146975,
  "queue_capacity": null,
  "queue_over_capacity_cycles": 0.0,
  "raw_throttle_ratio": 0.44708333333333333,
  "send_rate_settle_to_receiver_time": null,
  "sender_backpressure_cycles": 0.0,
  "sender_backpressure_ratio": 0.0,
  "sender_inflight_over_capacity_cycles": 0.0,
  "sender_noc_inflight_capacity_reqs": 256.0,
  "sender_overshoot": 0.0,
  "sender_overshoot_pct": 0.0,
  "sender_settling_time": 751.0,
  "strategy": "\u65b9\u6848\u4e8c\uff08Sender Outstanding\uff09",
  "tail_noc_variance": 0.18746218181818367,
  "tail_queue_delta": -3.979039320256561e-13,
  "tail_queue_variance": 1.4120959999999072,
  "tail_sender_variance": 0.09605289256198193,
  "throughput": 1.3786666666666667,
  "throughput_reqs_per_cycle": 0.043083333333333335,
  "total_cycles": 12000.0,
  "total_sent": 19301.818181816438,
  "total_sent_bytes": 19301.818181816438,
  "total_sent_reqs": 603.1818181817637,
  "total_serviced": 16544.0,
  "total_serviced_bytes": 16544.0,
  "total_serviced_reqs": 517.0
}
